,id,organo,estado,objeto,presupuesto,valor,tipo,cpv,lugar,procedimiento
0,T-SER 20/05.042022,Gerencia de Transportes Interurbanos de Tenerife S.A.U.,Publicada,"Servicio completo “llave en mano” (hardware, software, instalación, configuración, formación, soporte y mantenimiento integral de todo el Sistema y las comunicaciones) para dotar de acceso público a Internet para los usuarios del servicio de transporte público prestado por TITSA, a través de conexiones WiFi en estaciones de guaguas gestionadas por TITSA","14.238,00 Euros","31.323,60 Euros",Servicios,72400000-Servicios de Internet.,España - Tenerife,Abierto simplificado
1,T-SU 60.02/032022,Gerencia de Transportes Interurbanos de Tenerife S.A.U.,Evaluación,"Suministro, en régimen de arrendamiento (renting), incluyéndose el servicio de mantenimiento integral, de máquinas dispensadoras de agua para TITSA (3 lotes)","69.030,00 Euros","80.535,00 Euros",Suministros,"15981100-Agua mineral sin gas., 51514110-Servicios de instalación de maquinaria y aparatos para filtrar o depurar agua.",España - Tenerife,Abierto simplificado
2,T-EM SER 60.07/032022,Gerencia de Transportes Interurbanos de Tenerife S.A.U.,Resuelta,Servicio de intervención en los sistemas de CCAA y CCTV de la Estación de Buenavista por cortocircuito,"1.673,31 Euros","1.673,31 Euros",Servicios,50000000-Servicios de reparación y mantenimiento.,España - Tenerife,Negociado sin publicidad
3,T-SU 40.03/032002,Gerencia de Transportes Interurbanos de Tenerife S.A.U.,Resuelta,"Suministro de bidones de 208/209 litros aproximadamente, de lubricante 100% sintético para Caja de Cambio Automáticas ZF para la flota de buses TRANSPORTES INTERURBANOS DE TENERIFE, S.A.","0,00 Euros","48.906,00 Euros",Suministros,09211000-Aceites lubricantes y agentes lubricantes.,España - Tenerife,Abierto simplificado
4,T-SER 50/01.022022,Gerencia de Transportes Interurbanos de Tenerife S.A.U.,Evaluación,"Servicios profesionales de Gabinete de Prensa, Community Manager y Clipping de medios, para la planificación, elaboración y gestión de los contenidos de TITSA en los medios de comunicación y redes sociales","60.486,48 Euros","120.972,96 Euros",Servicios,79400000-Servicios de consultoría comercial y de gestión y servicios afines.,España - Tenerife,Abierto
5,T-SER 70/04.032022,Gerencia de Transportes Interurbanos de Tenerife S.A.U.,Resuelta,"Constituye el objeto de esta licitación la adjudicación de los siguientes servicios:Lote 1.- Servicio de Auditorías de Seguimiento y Certificación (ciclos de certificación) para la norma ISO 45001 (Sistema de Gestión de la Seguridad y Salud en el Trabajo) por el sistema multisite en los centros de trabajo identificados en el ANEXO I.ALote 2.- Servicio de Diagnosis, Consultoría y Asistencia Técnica en el mantenimiento de la certificación del Sistema de Gestión de la Seguridad y Salud en el Trabajo, según norma ISO 45001, para sistema multisite en los centros de trabajo identificados en el ANEXO I.A","118.100,00 Euros","118.100,00 Euros",Servicios,"79132000-Servicios de certificación., 79212200-Servicios de auditoría interna.",España - Tenerife,Abierto simplificado
6,T-SU 50.16/122020 L1.3,Gerencia de Transportes Interurbanos de Tenerife S.A.U.,Resuelta,Suministro de tarjetas sin contacto MIFARE DESFIRE EV1 4K,"154.700,00 Euros","154.700,00 Euros",Suministros,30162000-Tarjetas inteligentes.,España - Tenerife,Basado en Acuerdo Marco
7,T-EM SER 60.06/032022,Gerencia de Transportes Interurbanos de Tenerife S.A.U.,Resuelta,Servicio de sustitución del ventilador centrífugo averiado del airdata del CPD de Cuevas Blancas ante riesgo de sobrecalentamiento en los servidores e interrupción de las comunicaciones en toda la empresa,"242,36 Euros","242,36 Euros",Servicios,50000000-Servicios de reparación y mantenimiento.,España - Tenerife,Negociado sin publicidad
8,T-EM SER 60.05/032022,Gerencia de Transportes Interurbanos de Tenerife S.A.U.,Resuelta,Servicio de reparación de las bombas de grasa del Taller Central de Cuevas Blancas,"3.449,03 Euros","3.449,03 Euros",Servicios,50000000-Servicios de reparación y mantenimiento.,España - Tenerife,Negociado sin publicidad
9,T-EM OB 60.01/032022,Gerencia de Transportes Interurbanos de Tenerife S.A.U.,Resuelta,"Sustitución y reparación de puerta de entrada principal y vallado perimetral de la Estación de Icod por accidente de un bus, de forma inmediata para no comprometer la seguridad de los usuarios y personal, así como para poder cerrar la Estación","3.446,78 Euros","3.446,78 Euros",Obras,45400000-Acabado de edificios.,España - Tenerife,Negociado sin publicidad
10,T-OB 60.01/052021,Gerencia de Transportes Interurbanos de Tenerife S.A.U.,Resuelta,"Servicio de reparación de la puerta del local de descanso de La Caleta, la cual ha sido forzada por acto vandálico.","356,68 Euros","356,68 Euros",Servicios,50000000-Servicios de reparación y mantenimiento.,España - Tenerife,Negociado sin publicidad
11,T-EM SU 70.02/032022,Gerencia de Transportes Interurbanos de Tenerife S.A.U.,Resuelta,"Realización de pruebas PCR y estudios serológicos SARS-COV-2 al personal de TITSA, debido a la situación sanitaria actual provocada por el virus SARS-COV-2 variante OMICRON y previendo posibles nuevas variantes y el alarmante número de contagios, surge la necesidad de seguir realizando al personal de TITSA pruebas PCR y estudios serológicos, con el fin de poder llevar a cabo un seguimiento y rastreo de los trabajadores de TITSA, por parte del Servicio de Prevención propio de TITSA, y de esta manera, prevenir el contagio del virus.","20.050,00 Euros","20.050,00 Euros",Servicios,85100000-Servicios de salud.,España - Tenerife,Negociado sin publicidad
12,T-EM SU 70.01/032022,Gerencia de Transportes Interurbanos de Tenerife S.A.U.,Resuelta,"Adquisición de gel hidroalcohólico en envases de 5L, con un contenido en alcohol igual o superior al 70%, para el personal de TITSA.","4.675,00 Euros","4.675,00 Euros",Suministros,"33000000-Equipamiento y artículos médicos, farmacéuticos y de higiene personal.",España - Tenerife,Negociado sin publicidad
13,T-EM SER 60.01/032022,Gerencia de Transportes Interurbanos de Tenerife S.A.U.,Resuelta,"Servicio de sustitución urgente de la bomba de agua existente, e instalación de una nueva, en el Taller de Parque La Reina","1.419,66 Euros","1.419,66 Euros",Servicios,50000000-Servicios de reparación y mantenimiento.,España - Tenerife,Negociado sin publicidad
14,T-SU 30.01/022022,Gerencia de Transportes Interurbanos de Tenerife S.A.U.,Resuelta,Suministro de pruebas de personalidad y psicotécnicas y el servicio de corrección de las mismas correspondientes al proceso selectivo de octubre de 2019 para la constitución de una lista de reserva para contrataciones laborales de conductores/as perceptores/as para la empresa TITSA,"24.038,30 Euros","24.038,30 Euros",Suministros,33156000-Material para pruebas objetivas psicológicas.,España - Canarias,Abierto simplificado
15,T-SU 20.4/022020 L7.6,Gerencia de Transportes Interurbanos de Tenerife S.A.U.,Resuelta,Suscripción de licencias software,"18.431,40 Euros","18.431,40 Euros",Suministros,48000000-Paquetes de software y sistemas de información.,España - Tenerife,Basado en Acuerdo Marco
16,T-SU 20.4/022020 L6.5,Gerencia de Transportes Interurbanos de Tenerife S.A.U.,Resuelta,Renovación del soporte anual de licencias software,"5.971,56 Euros","5.971,56 Euros",Suministros,48000000-Paquetes de software y sistemas de información.,España - Tenerife,Basado en Acuerdo Marco
17,T-SU 20.4/022020 L5.2,Gerencia de Transportes Interurbanos de Tenerife S.A.U.,Resuelta,Suministro de licencias software,"86,70 Euros","86,70 Euros",Suministros,48000000-Paquetes de software y sistemas de información.,España - Tenerife,Basado en Acuerdo Marco
18,T-SU 20.4/022020 L4.3,Gerencia de Transportes Interurbanos de Tenerife S.A.U.,Resuelta,Suministro de Dispositivos de Impresión,"489,60 Euros","489,60 Euros",Suministros,48000000-Paquetes de software y sistemas de información.,España - Tenerife,Basado en Acuerdo Marco
19,T-SU 20.4/022020 L3.1,Gerencia de Transportes Interurbanos de Tenerife S.A.U.,Resuelta,Suministro de Elementos de Red,"153,00 Euros","153,00 Euros",Suministros,48000000-Paquetes de software y sistemas de información.,España - Tenerife,Basado en Acuerdo Marco
20,T-SU 20.4/022020 L2.2,Gerencia de Transportes Interurbanos de Tenerife S.A.U.,Resuelta,"Suministro de Periféricos, Componentes y otros dispositivos","1.373,45 Euros","1.373,45 Euros",Suministros,48000000-Paquetes de software y sistemas de información.,España - Tenerife,Basado en Acuerdo Marco
21,T-SU 30.14/122021,Gerencia de Transportes Interurbanos de Tenerife S.A.U.,Resuelta,Suministro de una plataforma y soporte que permita diseñar y ejecutar formación online para el personal de TITSA,"1,30 Euros","17.848,00 Euros",Suministros,48000000-Paquetes de software y sistemas de información.,España - Canarias,Abierto simplificado
22,T-SER 70.22/122021,Gerencia de Transportes Interurbanos de Tenerife S.A.U.,Resuelta,Pólizas de seguros de responsabilidad civil de Administradores y Directivos y de ciberriesgo para TITSA (2 lotes),"51.000,00 Euros","163.200,00 Euros",Servicios,66510000-Servicios de seguros.,España - Tenerife,Abierto
23,T-SER 50.23/122021,Gerencia de Transportes Interurbanos de Tenerife S.A.U.,Resuelta,Servicios de pasarela de pago con tarjeta de crédito/débito en los cajeros automáticos de los estacionamientos de vehículos gestionados por TITSA en los intercambiadores de transportes de Santa Cruz de Tenerife y La Laguna,"2.527,00 Euros","2.527,00 Euros",Servicios,66110000-Servicios bancarios.,España - Tenerife,Negociado sin publicidad
24,T-SER 20.21/112021,Gerencia de Transportes Interurbanos de Tenerife S.A.U.,Resuelta,Servicio de mantenimiento (soporte técnico del software de base Meta4 PeopleNet® (Nómina y Recursos Humanos) del que dispone TITSA,"33.991,84 Euros","74.782,05 Euros",Servicios,72267100-Mantenimiento de «software» de tecnología de la información.,España - Tenerife,Negociado sin publicidad
25,T-SU 50.16/122020 L2.2,Gerencia de Transportes Interurbanos de Tenerife S.A.U.,Resuelta,Suministro de tarjetas sin contacto MIFARE ULTRALIGHT C,"13.500,00 Euros","13.500,00 Euros",Suministros,30162000-Tarjetas inteligentes.,España - Tenerife,Basado en Acuerdo Marco
26,T-SU 50.16/122020 L1.2,Gerencia de Transportes Interurbanos de Tenerife S.A.U.,Resuelta,Suministro de tarjetas sin contacto MIFARE DESFIRE EV1 4K,"110.400,00 Euros","110.400,00 Euros",Suministros,30162000-Tarjetas inteligentes.,España - Tenerife,Basado en Acuerdo Marco
27,T-SU 20.4/022020 L10.3,Gerencia de Transportes Interurbanos de Tenerife S.A.U.,Resuelta,Suscripción de licencias Microsoft,"2.142,00 Euros","2.142,00 Euros",Suministros,48000000-Paquetes de software y sistemas de información.,España - Tenerife,Basado en Acuerdo Marco
28,T-SU 20.4/022020 L8.2,Gerencia de Transportes Interurbanos de Tenerife S.A.U.,Resuelta,Suscripción de Plataforma para Centralización de Certificados Digitales,"1.530,00 Euros","1.530,00 Euros",Suministros,48000000-Paquetes de software y sistemas de información.,España - Tenerife,Basado en Acuerdo Marco
29,T-SU 20.4/022020 L7.5,Gerencia de Transportes Interurbanos de Tenerife S.A.U.,Resuelta,Suscripción de licencias software,"58.078,80 Euros","58.078,80 Euros",Suministros,48000000-Paquetes de software y sistemas de información.,España - Tenerife,Basado en Acuerdo Marco
30,T-SU 20.4/022020 L6.4,Gerencia de Transportes Interurbanos de Tenerife S.A.U.,Resuelta,Renovación del soporte anual de licencias software,"2.544,90 Euros","2.544,90 Euros",Suministros,48000000-Paquetes de software y sistemas de información.,España - Tenerife,Basado en Acuerdo Marco
31,T-EM SER 60.10/112021,Gerencia de Transportes Interurbanos de Tenerife S.A.U.,Resuelta,Servicio de sustitución de tramo de tubería de agua de la acometida del Intercambiador de Santa Cruz,"935,00 Euros","935,00 Euros",Servicios,50000000-Servicios de reparación y mantenimiento.,España - Tenerife,Negociado sin publicidad
32,T-EM SU 40.10/112021,Gerencia de Transportes Interurbanos de Tenerife S.A.U.,Resuelta,"Suministro de UREA para los autobuses de la Flota de TITSA, de forma transitoria (plazo estimado de 6 a 9 meses), hasta la adjudicación y entrada en vigor del nuevo contrato que venga a cubrir dichos suministros.","274.725,00 Euros","274.725,00 Euros",Suministros,"24951200-Aditivos para aceites., 24957000-Aditivos químicos.",España - Tenerife,Negociado sin publicidad
33,T-SER 70/14.092021,Gerencia de Transportes Interurbanos de Tenerife S.A.U.,Resuelta,Servicios de mantenimiento preventivo y correctivo de las 152 columnas elevadoras con las que cuentan los talleres de TITSA,"55.200,00 Euros","146.280,00 Euros",Servicios,"50500000-Servicios de reparación y mantenimiento de bombas, válvulas, grifos, contenedores metálicos y maquinaria.",España - Tenerife,Abierto
34,T-EM SER 60.09/092021,Gerencia de Transportes Interurbanos de Tenerife S.A.U.,Resuelta,"Servicio de sustitución del cristal roto por acto vandálico, e instalación de uno nuevo, en la Estación de La Orotava","889,16 Euros","889,16 Euros",Servicios,50000000-Servicios de reparación y mantenimiento.,España - Tenerife,Negociado sin publicidad
35,T-SER 40/13.082021,Gerencia de Transportes Interurbanos de Tenerife S.A.U.,Resuelta,Servicio de mantenimiento preventivo y correctivo de las máquinas de autoliquidación y cambio de las que dispone TITSA,"31.685,84 Euros","103.057,52 Euros",Servicios,50000000-Servicios de reparación y mantenimiento.,España - Tenerife,Negociado sin publicidad
36,T-SU 40.07/062021,Gerencia de Transportes Interurbanos de Tenerife S.A.U.,Resuelta,"Suministro de material de oficina, consumibles informáticos y material de impresión (5 lotes)","91.500,00 Euros","157.800,00 Euros",Suministros,"30000000-Máquinas, equipo y artículos de oficina y de informática, excepto mobiliario y paquetes de software., 22000000-Impresos y productos relacionados.",España - Tenerife,Abierto
37,T-SU 30.10/082021,Gerencia de Transportes Interurbanos de Tenerife S.A.U.,Resuelta,"Suministro de equipos informáticos portátiles para el Área de Desarrollo de TITSA, para dotar a las aulas de formación del material necesario para poder impartir cursos en modalidad online","600,00 Euros","36.000,00 Euros",Suministros,30200000-Equipo y material informático.,España - Tenerife,Abierto simplificado
38,T-EM SER 70.08/082021,Gerencia de Transportes Interurbanos de Tenerife S.A.U.,Resuelta,Servicio de realización de pruebas PCR y estudios serológicos SARS-COV-2 al personal de TITSA,"20.000,00 Euros","20.000,00 Euros",Servicios,85100000-Servicios de salud.,España - Tenerife,Negociado sin publicidad
39,T-EM SER 60.07/082021,Gerencia de Transportes Interurbanos de Tenerife S.A.U.,Resuelta,Servicio de sustitución e instalación de nueva válvula reductora de presión por fuga de agua en el Intercambiador de Santa Cruz,"1.373,25 Euros","1.373,25 Euros",Servicios,"50500000-Servicios de reparación y mantenimiento de bombas, válvulas, grifos, contenedores metálicos y maquinaria.",España - Tenerife,Negociado sin publicidad
40,T-EM SER 60.06/082021,Gerencia de Transportes Interurbanos de Tenerife S.A.U.,Resuelta,Servicio de reparación del bache en la rampa de salida interurbana del Intercambiador de Santa Cruz,"930,00 Euros","930,00 Euros",Servicios,50000000-Servicios de reparación y mantenimiento.,España - Tenerife,Negociado sin publicidad
41,T-SER 50.11/082021,Gerencia de Transportes Interurbanos de Tenerife S.A.U.,Resuelta,Servicios de mantenimiento de paradas de autobús (urbano e interurbano) del transporte público prestado por TITSA en la isla de Tenerife,"79.840,00 Euros","159.680,00 Euros",Servicios,"50800000-Servicios varios de reparación y mantenimiento., 50850000-Servicios de reparación y mantenimiento de mobiliario.",España - Tenerife,Abierto
42,T-SER 70.12/082021,Gerencia de Transportes Interurbanos de Tenerife S.A.U.,Resuelta,Servicios de Auditorías de Certificación para las normas ISO 9001(Sistema de Gestión de la Calidad) e ISO 14001 (Sistema de Gestión Medioambiental),"36.000,00 Euros","43.200,00 Euros",Servicios,79132000-Servicios de certificación.,España - Tenerife,Abierto simplificado
43,T-SER 60.09/072021,Gerencia de Transportes Interurbanos de Tenerife S.A.U.,Resuelta,Servicio de mantenimiento y conservación de las zonas ajardinadas de las instalaciones de TITSA (3 lotes),"119.611,67 Euros","196.051,67 Euros",Servicios,77311000-Servicios de mantenimiento de jardines y parques.,España - Tenerife,Abierto
44,T-SU 50.16/122020 L2.1,Gerencia de Transportes Interurbanos de Tenerife S.A.U.,Adjudicada,Suministro de tarjetas sin contacto MIFARE ULTRALIGHT C,"13.500,00 Euros","13.500,00 Euros",Suministros,30162000-Tarjetas inteligentes.,España - Tenerife,Basado en Acuerdo Marco
45,T-SU 50.16/122020 L1.1,Gerencia de Transportes Interurbanos de Tenerife S.A.U.,Adjudicada,Suministro de tarjetas sin contacto MIFARE DESFIRE EV1 4K,"94.000,00 Euros","94.000,00 Euros",Suministros,30162000-Tarjetas inteligentes.,España - Tenerife,Basado en Acuerdo Marco
46,T-SER 20.08/062021,Gerencia de Transportes Interurbanos de Tenerife S.A.U.,Resuelta,"Servicio de Soporte y Mantenimiento de equipos multifunción para fax, impresión, fotocopiado y escaneado de documentos que TITSA tiene instalados en sus sedes en la isla de Tenerife y de los nuevos equipos que se suministren de conformidad con las especificaciones que se recogen en el Pliego de Prescripciones Técnicas","63.590,00 Euros","95.105,50 Euros",Servicios,"50310000-Mantenimiento y reparación de máquinas de oficina., 50313000-Mantenimiento y reparación de máquinas de reprografía., 50313100-Servicios de reparación de fotocopiadoras., 50313200-Servicios de mantenimiento de fotocopiadoras.",España - Tenerife,Abierto simplificado
47,T-SER 70.07/062021,Gerencia de Transportes Interurbanos de Tenerife S.A.U.,Resuelta,Servicio de mantenimiento integral (preventivo y correctivo) de la maquinaria y equipos de MAHA con los que cuenta TITSA,"38.400,00 Euros","42.240,00 Euros",Servicios,50000000-Servicios de reparación y mantenimiento.,España - Tenerife,Negociado sin publicidad
48,T-SER 10/102019 - L2.3,Gerencia de Transportes Interurbanos de Tenerife S.A.U.,Adjudicada,Propuesta estudio de gestión y seguimiento de los locales susceptibles de alquiler de TITSA incluida la comercialización,"3.500,00 Euros","3.500,00 Euros",Servicios,79340000-Servicios de publicidad y de marketing.,España - Tenerife,Basado en Acuerdo Marco
49,T-SU 40.05/052021,Gerencia de Transportes Interurbanos de Tenerife S.A.U.,Resuelta,Suministro de guantes de nitrilo para el personal de los talleres de TITSA,"0,19 Euros","125.400,00 Euros",Suministros,18424300-Guantes desechables.,España - Tenerife,Abierto simplificado
50,T-EM SU 40.09/052021,Gerencia de Transportes Interurbanos de Tenerife S.A.U.,Resuelta,Suministro de guantes de nitrilo de protección para el personal de TITSA,"3.831,30 Euros","3.831,30 Euros",Suministros,"33000000-Equipamiento y artículos médicos, farmacéuticos y de higiene personal.",España - Tenerife,Negociado sin publicidad
51,T-SER 10/102019 L2.2,Gerencia de Transportes Interurbanos de Tenerife S.A.U.,Resuelta,Propuesta estudio de gestión y seguimiento de los locales susceptibles de alquiler de TITSA incluida la comercialización,"3.500,00 Euros","3.500,00 Euros",Servicios,79340000-Servicios de publicidad y de marketing.,España - Tenerife,Basado en Acuerdo Marco
52,T-SU 20.4/022020 L10.2,Gerencia de Transportes Interurbanos de Tenerife S.A.U.,Adjudicada,Suscripción de licencias Microsoft,"844,00 Euros","844,00 Euros",Suministros,48000000-Paquetes de software y sistemas de información.,España - Tenerife,Basado en Acuerdo Marco
53,T-SU 20.4/022020 L7.3,Gerencia de Transportes Interurbanos de Tenerife S.A.U.,Adjudicada,Suscripción de licencias software,"2.070,00 Euros","2.070,00 Euros",Suministros,48000000-Paquetes de software y sistemas de información.,España - Tenerife,Basado en Acuerdo Marco
54,T-SU 20.4/022020 L6.2,Gerencia de Transportes Interurbanos de Tenerife S.A.U.,Adjudicada,Renovación del soporte anual de licencias software,"9.054,00 Euros","9.054,00 Euros",Suministros,48000000-Paquetes de software y sistemas de información.,España - Tenerife,Basado en Acuerdo Marco
55,T-EM SU 70.08/042021,Gerencia de Transportes Interurbanos de Tenerife S.A.U.,Resuelta,Adquisición y distribución en Estaciones de TITSA de 18 unidades de gel hidroalcohólico con un contenido en alcohol igual o superior al 70%.,"495,00 Euros","495,00 Euros",Suministros,"33000000-Equipamiento y artículos médicos, farmacéuticos y de higiene personal.",España - Tenerife,Negociado sin publicidad
56,T-EM SER 60.04042021,Gerencia de Transportes Interurbanos de Tenerife S.A.U.,Resuelta,"Servicio de sustitución de la bomba de achique de aguas negras por una nueva, del Taller de Parque La Reina","2.997,75 Euros","2.997,75 Euros",Servicios,"50500000-Servicios de reparación y mantenimiento de bombas, válvulas, grifos, contenedores metálicos y maquinaria.",España - Tenerife,Negociado sin publicidad
57,T-EM SU 40.05/022021,Gerencia de Transportes Interurbanos de Tenerife S.A.U.,Resuelta,Adquisición de mascarillas higiénicas reutilizables para el personal de TITSA,"799,20 Euros","799,20 Euros",Suministros,"33000000-Equipamiento y artículos médicos, farmacéuticos y de higiene personal.",España - Tenerife,Negociado sin publicidad
58,T-EM SU 60.07/032021 ,Gerencia de Transportes Interurbanos de Tenerife S.A.U.,Resuelta,"Servicio de fabricación e instalación de mamparas de metacrilato en Costa Adeje, Los Cristianos, Granadilla, Parque La Reina, Puerto de la Cruz, San Jerónimo, La Orotava e Icod de los Vinos como medida preventiva frente al SARS CoV 2","2.886,00 Euros","2.886,00 Euros",Suministros,19520000-Productos de plástico.,España - Tenerife,Negociado sin publicidad
59,T-EM SU 70.07/032021,Gerencia de Transportes Interurbanos de Tenerife S.A.U.,Resuelta,Adquisición de 2 Uds. de purificador de aire basados en la creación de iones,"1.112,00 Euros","1.112,00 Euros",Suministros,39811200-Purificadores de aire.,España - Tenerife,Negociado sin publicidad
60,T-EM SER 60.03/032021,Gerencia de Transportes Interurbanos de Tenerife S.A.U.,Resuelta,"Servicio de instalación de nueva boya de nivel, para el aljibe del Taller de Parque La Reina, ante la falta de caudal por alta demanda y baja presión del Polígono Industrial","551,91 Euros","551,91 Euros",Servicios,"50500000-Servicios de reparación y mantenimiento de bombas, válvulas, grifos, contenedores metálicos y maquinaria.",España - Tenerife,Negociado sin publicidad
61,T-EM SU 40.06/022021,Gerencia de Transportes Interurbanos de Tenerife S.A.U.,Resuelta,Adquisición de mascarillas higiénicas reutilizables para el personal de TITSA,"5.544,00 Euros","5.544,00 Euros",Suministros,"33000000-Equipamiento y artículos médicos, farmacéuticos y de higiene personal.",España - Tenerife,Negociado sin publicidad
62,T-EM SER 70.02/022021,Gerencia de Transportes Interurbanos de Tenerife S.A.U.,Resuelta,"Servicio de revisión de las instalaciones de megafonía y programación para comunicar mensajes de advertencia sobre el SARS CoV 2 en el Intercambiador de La Laguna, Intercambiador de Santa Cruz, Estación de La Orotava, Icod de los Vinos, Estación de Güímar, Estación de Granadilla, Estación de Costa Adeje, Taller Cuevas Blancas y Taller de Parque La Reina","4.438,50 Euros","4.438,50 Euros",Servicios,50334400-Servicios de mantenimiento de sistemas de comunicaciones.,España - Tenerife,Negociado sin publicidad
63,T-EM SU 70.04/022021,Gerencia de Transportes Interurbanos de Tenerife S.A.U.,Resuelta,Suministro de plástico transparente para la protección de los conductores en los vehículos de la empresa frente al virus SARS-COV 2.,"3.935,87 Euros","3.935,87 Euros",Suministros,19520000-Productos de plástico.,España - Tenerife,Negociado sin publicidad
64,T-EM SER 60.01/022021,Gerencia de Transportes Interurbanos de Tenerife S.A.U.,Resuelta,"Servicio de resolución de la avería eléctrica, diligenciamiento de la misma y restablecimiento del suministro del Taller de San Jerónimo","2.137,60 Euros","2.137,60 Euros",Servicios,50710000-Servicios de reparación y mantenimiento de equipos eléctricos y mecánicos de edificios.,España - Tenerife,Negociado sin publicidad
65,T-EM SER 70.03/112020,Gerencia de Transportes Interurbanos de Tenerife S.A.U.,Resuelta,"Instalación de purificadores de ozono en aquellos vehículos de la flota de TITSA que cuentan con menor purificación de aire natural, para la limpieza de virus y bacterias en el ambiente","13.310,00 Euros","13.310,00 Euros",Servicios,"90900000-Servicios sanitarios y de limpieza., 39811200-Purificadores de aire., 45331000-Trabajos de instalación de calefacción, ventilación y aire acondicionado.",España - Tenerife,Negociado sin publicidad
66,T-SU 70.02/022021,Gerencia de Transportes Interurbanos de Tenerife S.A.U.,Resuelta,Suministro de calzado de seguridad para los técnicos y los trabajadores de taller de TITSA (9 lotes),"77.970,00 Euros","155.940,00 Euros",Suministros,18830000-Calzado de protección.,España - Tenerife,Abierto
67,T-SER 50.03/022021,Gerencia de Transportes Interurbanos de Tenerife S.A.U.,Resuelta,"Prestación de los servicios de diseño de campañas, promociones, señalética y otros elementos de comunicación de TITSA.","42.480,00 Euros","84.960,00 Euros",Servicios,79930000-Servicios especializados de diseño.,España - Canarias,Abierto simplificado
68,T-SER 10/102019 - L1.4,Gerencia de Transportes Interurbanos de Tenerife S.A.U.,Adjudicada,Lanzamiento pago con tarjeta bancaria y ten+ móvil billete sencillo,"18.000,00 Euros","18.000,00 Euros",Servicios,79340000-Servicios de publicidad y de marketing.,España - Tenerife,Basado en Acuerdo Marco
69,T-SER 20.02/022021,Gerencia de Transportes Interurbanos de Tenerife S.A.U.,Resuelta,"Servicio de atención a incidencias TIC nivel 1, nivel 2 y soporte a usuarios in-situ","130.000,92 Euros","273.001,93 Euros",Servicios,72611000-Servicios de apoyo informático técnico.,España - Tenerife,Abierto
70,T-EXP 3/122020,Gerencia de Transportes Interurbanos de Tenerife S.A.U.,Resuelta,"Cesión de espacios para la instalación y explotación de máquinas expendedoras automáticas de venta de productos en los Intercambiadores, estaciones y centros de trabajo y de descanso de TITSA.","102.600,00 Euros","225.600,00 Euros",Patrimonial,"15000000-Alimentos, bebidas, tabaco y productos afines.",España - Canarias,Abierto
71,T-SU 41.01/012021,Gerencia de Transportes Interurbanos de Tenerife S.A.U.,Resuelta,"Desarrollo de un Servicio Web (con varios métodos) para poder extraer de forma automatizada los datos que se registran en la plataforma VORTAL, cuya utilización fue contratada por TITSA a través del proceso de licitación nº ref. CA 10-2019 y T-SU 11/092019","7.800,00 Euros","7.800,00 Euros",Servicios,"72000000-Servicios TI: consultoría, desarrollo de software, Internet y apoyo., 72212222-Servicios de desarrollo de software de servidores web., 72300000-Servicios relacionados con datos.",España - Tenerife,Negociado sin publicidad
72,T-EM SU 70.04/112020,Gerencia de Transportes Interurbanos de Tenerife S.A.U.,Resuelta,Suministro de separadores de cinta negra y acero inoxidable para encaminar entradas y salidas en los accesos de los centros de TITSA.,"1.050,00 Euros","1.123,50 Euros",Suministros,"34990000-Equipo de control, seguridad, señalización e iluminación.",España - Tenerife,Negociado sin publicidad
73,T-EM SU 70.03/112020,Gerencia de Transportes Interurbanos de Tenerife S.A.U.,Resuelta,Suministro de dispensadores de gel hidroalcohólico de alta capacidad (10 litros) para su instalación en las estaciones de TITSA,"9.310,00 Euros","9.961,70 Euros",Suministros,"33000000-Equipamiento y artículos médicos, farmacéuticos y de higiene personal.",España - Tenerife,Negociado sin publicidad
74,T-EM SU 70.02/112020,Gerencia de Transportes Interurbanos de Tenerife S.A.U.,Resuelta,"Suministro de vinilos en diferentes formatos, para su instalación tanto en vehículos como las distintas  infraestructuras de TITSA con los que informar sobre las diversas medidas preventivas adoptadas frente al virus SARS-COV 2.","440,00 Euros","470,80 Euros",Suministros,"22460000-Material de publicidad comercial, catálogos comerciales y manuales., 30175000-Equipos de rotulación.",España - Tenerife,Negociado sin publicidad
75,T-EM SU 50.10/122020,Gerencia de Transportes Interurbanos de Tenerife S.A.U.,Resuelta,Suministro de tarjetas sin contacto en cantidad necesaria para cubrir el consumo previsto en los seis (6) primeros meses del año 2021,"153.460,00 Euros","153.460,00 Euros",Suministros,30162000-Tarjetas inteligentes.,España - Tenerife,Negociado sin publicidad
76,T-SU 20.14/112020,Gerencia de Transportes Interurbanos de Tenerife S.A.U.,Resuelta,"Suministro de equipos informáticos para la renovación del parque actual de TITSA, así como la provisión de un Plan de Alojamiento Multidominio (3 lotes)","52.500,00 Euros","72.600,00 Euros",Suministros,"30200000-Equipo y material informático., 72412000-Proveedor de servicios de correo electrónico., 72415000-Servicios de hospedaje de operación de sitios web WWW.",España - Canarias,Abierto simplificado
77,T-SER 40.17/112020,Gerencia de Transportes Interurbanos de Tenerife S.A.U.,Resuelta,Servicio de mantenimiento integral (preventivo y correctivo) de las 3 máquinas de autoliquidación,"8.565,06 Euros","17.130,11 Euros",Servicios,50000000-Servicios de reparación y mantenimiento.,España - Tenerife,Negociado sin publicidad
78,T-EM SU 40.09/112020,Gerencia de Transportes Interurbanos de Tenerife S.A.U.,Resuelta,"Adquisición, para un periodo de 6 meses,  de 9.600 envases de 500 ml de Gel Hidroalcohólico con un contenido en alcohol igual o superior al 70%","23.040,00 Euros","23.040,00 Euros",Suministros,"33000000-Equipamiento y artículos médicos, farmacéuticos y de higiene personal.",España - Tenerife,Negociado sin publicidad
79,T-EM SU 40.08/112020,Gerencia de Transportes Interurbanos de Tenerife S.A.U.,Resuelta,"Adquisición, para un periodo de 6 meses, de 180 envases de 500 ml. de alcohol higienizante, 600 envases de 750 ml. de virucida y 9.600 paquetes de toallitas higienizantes","31.081,20 Euros","31.081,20 Euros",Suministros,"33000000-Equipamiento y artículos médicos, farmacéuticos y de higiene personal.",España - Tenerife,Negociado sin publicidad
80,T-SER 40.14/102020,Gerencia de Transportes Interurbanos de Tenerife S.A.U.,Resuelta,"Servicios de mensajería y paquetería de TITSA entre Tenerife, Península y Portugal (4 lotes)","0,00 Euros","106.000,00 Euros",Servicios,"60000000-Servicios de transporte (excluido el transporte de residuos)., 64000000-Servicios de correos y telecomunicaciones.",España - Tenerife,Abierto
81,T-EXP 1/112020,Gerencia de Transportes Interurbanos de Tenerife S.A.U.,Resuelta,"Enajenación, mediante subasta de un total de 2895 recambios de diversas tipologías","0,00 Euros","144.267,80 Euros",Patrimonial,"34913000-Piezas de recambio diversas., 34320000-Piezas de recambio mecánicas, excepto motores y partes de motores., 34900000-Medios de transporte y piezas de recambio diversos.",España - Tenerife,Abierto
82,T-EM SU 40.07/112020,Gerencia de Transportes Interurbanos de Tenerife S.A.U.,Resuelta,Adquisición de 5.300 Mascarillas Lavables y reutilizables,"27.560,00 Euros","27.560,00 Euros",Suministros,"33000000-Equipamiento y artículos médicos, farmacéuticos y de higiene personal.",España - Tenerife,Negociado sin publicidad
83,T-EM SU 40.06/112020,Gerencia de Transportes Interurbanos de Tenerife S.A.U.,Resuelta,Adquisición de 8.450 Mascarillas desechables,"29.390,50 Euros","29.390,50 Euros",Suministros,"33000000-Equipamiento y artículos médicos, farmacéuticos y de higiene personal.",España - Tenerife,Negociado sin publicidad
84,T-EM SU 40.05/112020,Gerencia de Transportes Interurbanos de Tenerife S.A.U.,Resuelta,Adquisición de 720 envases de 500 ml de Gel Hidroalcohólico con un contenido en alcohol igual o superior al 70%,"4.320,00 Euros","4.320,00 Euros",Suministros,"33000000-Equipamiento y artículos médicos, farmacéuticos y de higiene personal.",España - Tenerife,Negociado sin publicidad
85,T-SER 20.16/112020,Gerencia de Transportes Interurbanos de Tenerife S.A.U.,Resuelta,"Servicio de Mantenimiento preventivo (asistencia técnica), correctivo (asistencia técnica) y evolutivo (desarrollo de mejoras y nuevas funcionalidades) de las diferentes Webs de TITSA, así como el hosting y mantenimiento Preventivo y correctivo del Servidor WEB y gestor Mysql con configuración adaptada para aplicación con conexión a backend de TITSA","35.400,00 Euros","77.880,00 Euros",Servicios,"72212222-Servicios de desarrollo de software de servidores web., 72212224-Servicios de desarrollo de software de edición de páginas web., 72415000-Servicios de hospedaje de operación de sitios web WWW.",España - Tenerife,Negociado sin publicidad
86,T-SER 70.15/112020,Gerencia de Transportes Interurbanos de Tenerife S.A.U.,Resuelta,Contratación de la póliza de seguros de responsabilidad civil de Administradores y Directivos de TITSA,"12.000,00 Euros","38.400,00 Euros",Servicios,66510000-Servicios de seguros.,España - Tenerife,Abierto simplificado
87,T-SU 40.12/102020,Gerencia de Transportes Interurbanos de Tenerife S.A.U.,Resuelta,Suministro de material de protección frente al Covid-19 (5 lotes),"21,25 Euros","287.941,50 Euros",Suministros,"33000000-Equipamiento y artículos médicos, farmacéuticos y de higiene personal., 39800000-Productos de limpieza y pulido.",España - Tenerife,Abierto
88,T-SU 30.13/102020,Gerencia de Transportes Interurbanos de Tenerife S.A.U.,Resuelta,"Prestación de los servicios de control de horario y análisis de tiempo para su utilización por parte de TITSA, en la modalidad de pago por uso y bajo un Sistema Integral de Control de Horarios y Análisis de la Información generada por dicho Sistema.","105.000,00 Euros","161.000,00 Euros",Suministros,"35125200-Sistemas de control horario y aparatos de registro para control horario., 48450000-Paquetes de software de contabilización del tiempo o recursos humanos., 51213000-Servicios de instalación de equipos de control horario (fechadores y contadores).",España - Canarias,Abierto
89,T-SU 40.11/102020,Gerencia de Transportes Interurbanos de Tenerife S.A.U.,Resuelta,"Suministro de refrigerante para la flota de autobuses de TITSA, del tipo y características técnicas que se definen en el ANEXO I del Pliego de condiciones que regirá la licitación.","0,00 Euros","261.800,00 Euros",Suministros,24951311-Preparaciones anticongelantes.,España - Canarias,Abierto
90,T-SER 70.11/072020,Gerencia de Transportes Interurbanos de Tenerife S.A.U.,Resuelta,Pólizas de seguros para TITSA (3 lotes),"29.200,00 Euros","93.440,00 Euros",Servicios,66510000-Servicios de seguros.,España - Tenerife,Abierto simplificado
91,T-SU 40.10/072020,Gerencia de Transportes Interurbanos de Tenerife S.A.U.,Resuelta,"Suministro, en modalidad de arrendamiento (renting) de 9 vehículos auxiliares, incluyéndose el servicio de mantenimiento y el aseguramiento de los vehículos (3 lotes)","224.400,00 Euros","224.400,00 Euros",Suministros,34100000-Vehículos de motor.,España - Tenerife,Abierto
92,T-EM SU 40.01/052020,Gerencia de Transportes Interurbanos de Tenerife S.A.U.,Resuelta,Suministro de estores para su instalación en la flota de autobuses de TITSA,"51.389,80 Euros","51.319,80 Euros",Suministros,39515400-Estores.,España - Tenerife,Negociado sin publicidad
93,T-SER 60.06/062020,Gerencia de Transportes Interurbanos de Tenerife S.A.U.,Resuelta,"Servicios de mantenimiento preventivo de las instalaciones de baja tensión, media tensión y fotovoltaica de TITSA (3 lotes)","38.734,35 Euros","66.281,50 Euros",Servicios,50711000-Servicios de reparación y mantenimiento de equipos eléctricos de edificios.,España - Tenerife,Abierto simplificado
94,T-SU 40.7/052020,Gerencia de Transportes Interurbanos de Tenerife S.A.U.,Resuelta,"Suministro, en modalidad de arrendamiento (renting) de 9 vehículos auxiliares, incluyéndose el servicio de mantenimiento y el aseguramiento de los vehículos","160.500,00 Euros","165.500,00 Euros",Suministros,34100000-Vehículos de motor.,España - Tenerife,Abierto
95,T-SER 20.05/052020,Gerencia de Transportes Interurbanos de Tenerife S.A.U.,Resuelta,Servicio de mantenimiento correctivo (asistencia técnica) y evolutivo (desarrollo de mejoras y nuevas funcionalidades) de los diferentes módulos (aplicaciones) del paquete de software “GEA”,"89.280,00 Euros","196.416,00 Euros",Servicios,"72000000-Servicios TI: consultoría, desarrollo de software, Internet y apoyo.",España - Tenerife,Negociado sin publicidad
96,T-OB 60.01/052020,Gerencia de Transportes Interurbanos de Tenerife S.A.U.,Resuelta,Obras para la instalación de un punto de recarga de vehículos eléctricos,"146.244,13 Euros","146.244,13 Euros",Obras,45310000-Trabajos de instalación eléctrica.,España - Tenerife,Abierto
97,T-EM SER 60.01/052020,Gerencia de Transportes Interurbanos de Tenerife S.A.U.,Adjudicada,Servicios especiales de limpieza en las instalaciones y flota de guaguas en la zona centro para responder a las necesidades urgentes de protección de la salud de trabajadores y usuarios del transporte público frente a la pandemia del COVID-19 (Zona Centro),"39.602,17 Euros","39.602,17 Euros",Servicios,90910000-Servicios de limpieza.,España - Tenerife,Negociado sin publicidad
98,T-EM SER 60.02/052020,Gerencia de Transportes Interurbanos de Tenerife S.A.U.,Adjudicada,Contratación de los servicios especiales de limpieza en las instalaciones y flota de guaguas en las zonas norte y sur para responder a las necesidades urgentes de protección de la salud de trabajadores y usuarios del transporte público frente a la pandemia del COVID-19,"25.682,03 Euros","25.682,03 Euros",Servicios,90910000-Servicios de limpieza.,España - Tenerife,Negociado sin publicidad
99,T-SER 60.03/022020,Gerencia de Transportes Interurbanos de Tenerife S.A.U.,Resuelta,"Servicios de mantenimiento integral (preventivo y correctivo) de líneas de vida, redes de foso, anclajes y escaleras tipo gato instaladas en los centros de TITSA, y el suministro de elementos de seguridad adicionales,","24.720,33 Euros","46.144,61 Euros",Servicios,50000000-Servicios de reparación y mantenimiento.,España - Tenerife,Abierto simplificado
100,T-SER 01/022020,Gerencia de Transportes Interurbanos de Tenerife S.A.U.,Resuelta,"Servicio de establecimiento, implementación, desarrollo y mejora continua de un sistema de gestión de seguridad de la información (SGSI) de TITSA","227.470,95 Euros","227.470,95 Euros",Servicios,"72000000-Servicios TI: consultoría, desarrollo de software, Internet y apoyo.",España - Tenerife,Abierto
101,T-SU 1/012020,Gerencia de Transportes Interurbanos de Tenerife S.A.U.,Resuelta,Reforma de la cabina de pintura sita en el Taller de Cuevas Blancas de TITSA para su adecuación a la vigente normativa en materia de atmósferas explosivas (ATEX),"47.597,00 Euros","47.597,00 Euros",Suministros,"42950000-Partes de máquinas de uso general., 50800000-Servicios varios de reparación y mantenimiento.",España - Tenerife,Negociado sin publicidad
102,T-SER 13/122019,Gerencia de Transportes Interurbanos de Tenerife S.A.U.,Resuelta,"Servicios de mediación y asesoramiento previos a la formalización de contratos de seguros privados, así como la posterior asistencia al tomador, asegurado y/o beneficiario del seguro","84.000,00 Euros","198.000,00 Euros",Servicios,66518100-Servicios de corretaje de seguros.,España - Tenerife,Abierto
103,T-SU 13/102019,Gerencia de Transportes Interurbanos de Tenerife S.A.U.,Resuelta,"Suministro (adquisición), instalación y mantenimiento integral (preventivo y correctivo) de UNA (1) máquina de cambio para las instalaciones de TITSA","18.150,00 Euros","24.180,00 Euros",Suministros,"31000000-Máquinas, aparatos, equipo y productos consumibles eléctricos; iluminación., 50800000-Servicios varios de reparación y mantenimiento.",España - Tenerife,Abierto simplificado
104,T-SER 11/112019,Gerencia de Transportes Interurbanos de Tenerife S.A.U.,Resuelta,"de auditoría para la verificación y confirmación de la elegibilidad del gasto reportado por el respectivo socio, en este caso TITSA, del proyecto en IOLF (plataforma de trabajo) para los ejercicios 2019, 2020, 2021 y 2022 según las condiciones del proyecto Three T perteneciente al programa interreg europe","6.990,00 Euros","6.990,00 Euros",Servicios,79212000-Servicios de auditoría.,España - Tenerife,Abierto simplificado
105,T-SU 14/102019,Gerencia de Transportes Interurbanos de Tenerife S.A.U.,Resuelta,"Suministro de fruta en las instalaciones de Transportes Interurbanos de Tenerife, S.A.","74.390,40 Euros","89.268,48 Euros",Suministros,15330000-Frutas y hortalizas elaboradas.,España - Tenerife,Abierto simplificado
106,T-SER 08/102019,Gerencia de Transportes Interurbanos de Tenerife S.A.U.,Resuelta,"Servicios de auditoría de cuentas anuales y verificación de información no financiera de TITSA para los ejercicios 2019, 2020 y 2021","138.000,00 Euros","138.000,00 Euros",Servicios,"79200000-Servicios de contabilidad, de auditoría y fiscales.",España - Tenerife,Abierto
107,T-SER 07/102019,Gerencia de Transportes Interurbanos de Tenerife S.A.U.,Resuelta,"Desarrollo, implantación, puesta en marcha y mantenimiento de una Aplicación móvil corporativa para ser ejecutada en teléfonos móviles inteligentes orientada a los usuarios de TITSA,","45.795,00 Euros","52.000,00 Euros",Servicios,72230000-Servicios de desarrollo de «software» personalizado.,España - Tenerife,Abierto simplificado
108,T-SU 12/102019,Gerencia de Transportes Interurbanos de Tenerife S.A.U.,Resuelta,Suministro de cintas de impresión para los equipos de impresión utilizados por TITSA para la personalización de tarjetas de transporte público,"105,00 Euros","46.200,00 Euros",Suministros,"30192300-Cintas entintadas., 30100000-Máquinas, equipo y artículos de oficina, excepto ordenadores, impresoras y mobiliario., 30192113-Cartuchos de tinta.",España - Tenerife,Abierto simplificado
109,T-SU 10/092019,Gerencia de Transportes Interurbanos de Tenerife S.A.U.,Resuelta,Suministro (adquisición) de 350 cámaras de video vigilancia para los autobuses de servicio público que forman parte de la flota de TITSA,"100,00 Euros","42.000,00 Euros",Suministros,32333000-Aparatos de grabación o reproducción de vídeo.,España - Tenerife,Abierto simplificado
110,T-SER 06/062019,Gerencia de Transportes Interurbanos de Tenerife S.A.U.,Resuelta,"Servicio de asesoramiento fiscal y tributario a Transportes Interurbanos de Tenerife, S.A.","28.000,00 Euros","84.000,00 Euros",Servicios,"79200000-Servicios de contabilidad, de auditoría y fiscales.",España - Tenerife,Abierto simplificado
111,T-SU 06/052019,Gerencia de Transportes Interurbanos de Tenerife S.A.U.,Resuelta,Suministro de equipos informáticos para ampliación y renovación del parque actual de TITSA (4 lotes),"117.000,00 Euros","140.400,00 Euros",Suministros,30200000-Equipo y material informático.,España - Tenerife,Abierto
112,T-SER 05/042019,Gerencia de Transportes Interurbanos de Tenerife S.A.U.,Resuelta,"Servicios de mantenimiento de las paradas de autobús (urbana e interurbana) del transporte público prestado por Transportes Interurbanos de Tenerife, S.A.","40.000,00 Euros","88.000,00 Euros",Servicios,50000000-Servicios de reparación y mantenimiento.,España - Tenerife,Abierto simplificado
113,T-EXP 01/042019,Gerencia de Transportes Interurbanos de Tenerife S.A.U.,Resuelta,Contrato de Arrendamiento para la Explotación de Cafeterías en locales de Transportes Interurbanos de Tenerife S.A.,"72.000,00 Euros","120.000,00 Euros",Patrimonial,,España - Tenerife,Abierto
114,T-SER 03/032019,Gerencia de Transportes Interurbanos de Tenerife S.A.U.,Resuelta,"Servicios de estudio y encuesta de la opinión pública sobre el transporte público prestado por Transportes Interurbanos de Tenerife, S.A.","12.000,00 Euros","12.000,00 Euros",Servicios,"79320000-Servicios de encuestas de opinión pública., 79342310-Servicios de encuesta a clientes., 79342311-Servicios de evaluación de la satisfacción del cliente.",España - Tenerife,Abierto simplificado
115,T-SER 01/012019,Gerencia de Transportes Interurbanos de Tenerife S.A.U.,Resuelta,"servicio de Soporte y Mantenimiento de la plataforma Informática y de seguridad que Transportes Interurbanos de Tenerife, S.A. tiene implantada en todas sus sedes en la isla de Tenerife","44.000,00 Euros","96.800,00 Euros",Servicios,"50300000-Servicios de reparación, mantenimiento y servicios asociados relacionados con ordenadores personales, equipo de oficina, telecomunicaciones y equipo audiovisual., 72000000-Servicios TI: consultoría, desarrollo de software, Internet y apoyo.",España - Tenerife,Abierto
116,ANULADO,Gerencia de Transportes Interurbanos de Tenerife S.A.U.,Anulada,"Servicios de atención e información telefónica a los usuarios de Transportes Interurbanos de Tenerife, S.A.U. y de la tarjeta TEN+, a través de la operatividad de un centro de llamadas (Call Center).","210.240,00 Euros","462.528,00 Euros",Servicios,64214200-Servicios de centralitas telefónicas.,España - Tenerife,Abierto
117,T-SER 13/112018,Gerencia de Transportes Interurbanos de Tenerife S.A.U.,Resuelta,Adquisición de un Software para la gestión de la Coordinación de Actividades Empresariales y Control Técnico en la validación de datos de TITSA.,"46.000,00 Euros","110.500,00 Euros",Servicios,"48000000-Paquetes de software y sistemas de información., 72300000-Servicios relacionados con datos.",España - Tenerife,Abierto
118,T-EXP 01/112018,Gerencia de Transportes Interurbanos de Tenerife S.A.U.,Resuelta,"Contrato de Arrendamiento para la Explotación de Cafeterías en locales de Transportes Interurbanos de Tenerife, S.A.U.","102.600,00 Euros","171.000,00 Euros",Patrimonial,,España - Tenerife,Abierto
119,T-SU 11/112018,Gerencia de Transportes Interurbanos de Tenerife S.A.U.,Resuelta,"Suministro de Equipos Informáticos para la renovación del parque existente en Transportes Interurbanos de Tenerife, S.A.U.","49.500,00 Euros","59.400,00 Euros",Suministros,30200000-Equipo y material informático.,España - Tenerife,Abierto
120,T-SER 07/062018,Gerencia de Transportes Interurbanos de Tenerife S.A.U.,Resuelta,"Servicios de Delegado de Protección de Datos para Transportes Interurbanos de Tenerife, S.A.U.","36.000,00 Euros","60.000,00 Euros",Servicios,"79110000-Servicios de asesoría y representación jurídicas., 79140000-Servicios de asesoría e información jurídica.",España - Tenerife,Abierto
121,T-SER 6/062018,Gerencia de Transportes Interurbanos de Tenerife S.A.U.,Resuelta,"Servicios de asistencia técnica para el área Comercial y Marketing de Transportes Interurbanos de Tenerife, S.A.U.","36.000,00 Euros","54.000,00 Euros",Servicios,79340000-Servicios de publicidad y de marketing.,España - Tenerife,Abierto
122,T-SER 08/062018,Gerencia de Transportes Interurbanos de Tenerife S.A.U.,Resuelta,"Servicios Profesionales de Community Manager, Gabinete de Prensa y Clipping de Transportes Interurbanos de Tenerife S.A.U.","60.000,00 Euros","90.000,00 Euros",Servicios,79340000-Servicios de publicidad y de marketing.,España - Tenerife,Abierto
123,T-SU 6/052018,Gerencia de Transportes Interurbanos de Tenerife S.A.U.,Resuelta,"Contratación Suministro en modalidad de Arrendamiento (RENTING), de 13 Vehículos Auxiliares para Transportes Interurbanos de Tenerife, S.A.U.","207.000,00 Euros","207.000,00 Euros",Suministros,34100000-Vehículos de motor.,España - Tenerife,Abierto
124,T-SER 5/052018,Gerencia de Transportes Interurbanos de Tenerife S.A.U.,Resuelta,Servicios de ayuda en las funciones de oficina,"28.125,00 Euros","43.125,00 Euros",Servicios,79500000-Servicios de ayuda en las funciones de oficina.,España - Tenerife,Abierto
125,T-SER 4/022018,Gerencia de Transportes Interurbanos de Tenerife S.A.U.,Resuelta,"Constituye el objeto de esta licitación la contratación de servicios para la recepción, clasificación y comprobación de documentación, así como impresión y venta de tarjetas y la gestión de incidencias de diferente índole, dentro del período de implantación de la nueva tarjeta sin contacto como medio de pago de transporte en la isla de Tenerife.","37.500,00 Euros","109.375,00 Euros",Servicios,79500000-Servicios de ayuda en las funciones de oficina.,España - Tenerife,Abierto
126,T-SER 3/022018,Gerencia de Transportes Interurbanos de Tenerife S.A.U.,Resuelta,"Selección de la empresa/empresario para la prestación del servicio de certificación por las normas ISO 9001, ISO 14001, OHSAS 18001 e ISO 45001 por el sistema multisite, así como las correspondientes auditorías de seguimiento","46.000,00 Euros","50.600,00 Euros",Servicios,"79200000-Servicios de contabilidad, de auditoría y fiscales., 90714000-Auditoría medioambiental.",España - Tenerife,Abierto
127,T-SER 2/012018,Gerencia de Transportes Interurbanos de Tenerife S.A.U.,Resuelta,Selección de la empresa/empresario para la prestación del servicio de asesoramiento fiscal y tributario a TITSA,"25.000,00 Euros","50.000,00 Euros",Servicios,"79200000-Servicios de contabilidad, de auditoría y fiscales.",España - Canarias,Abierto
128,T-SER 1/012018,Gerencia de Transportes Interurbanos de Tenerife S.A.U.,Resuelta,Servicio de mensajería y paquetería de TITSA (5 lotes),"107.500,00 Euros","215.000,00 Euros",Servicios,"60000000-Servicios de transporte (excluido el transporte de residuos)., 64000000-Servicios de correos y telecomunicaciones.",España - Tenerife,Abierto
129,T-SU 1/012018,Gerencia de Transportes Interurbanos de Tenerife S.A.U.,Resuelta,Suministro de cámaras de video vigilancia para la flota de autobuses TITSA,"100,00 Euros","56.700,00 Euros",Suministros,32330000-Aparatos de grabación y reproducción de imágenes y sonido.,España - Tenerife,Abierto
130,T-SER 27/122017,Gerencia de Transportes Interurbanos de Tenerife S.A.U.,Resuelta,"Servicios de Telecomunicaciones necesarios para posibilitar la conexión de guaguas, paneles informativos en paradas, y otros dispositivos móviles de TITSA a los Sistemas Centrales SAE y de Billetaje ubicados en el D-Alix (Datacenter del proyecto Alix)","62.000,00 Euros","136.400,00 Euros",Servicios,64200000-Servicios de telecomunicaciones.,España - Tenerife,Abierto
131,T-SU 22/122017,Gerencia de Transportes Interurbanos de Tenerife S.A.U.,Resuelta,"Arrendamiento, montaje y mantenimiento integral de siete (7) maquinas de limpieza de piezas para flota de TITSA","81.900,00 Euros","105.300,00 Euros",Suministros,42995000-Máquinas de limpieza diversas.,España - Tenerife,Abierto
132,T-SU 21/122017,Gerencia de Transportes Interurbanos de Tenerife S.A.U.,Resuelta,"Suministro de equipos informáticos para renovación del parque actual de TITSA correspondiente al año 2017,","65.500,00 Euros","65.500,00 Euros",Suministros,30200000-Equipo y material informático.,España - Tenerife,Abierto
133,T-SU 18/122017,Gerencia de Transportes Interurbanos de Tenerife S.A.U.,Resuelta,Suministro de lubricadores automáticos de un solo punto para la conservación de las columnas elevadoras de taller de TITSA.,"20,00 Euros","26.880,00 Euros",Suministros,09210000-Preparados lubricantes.,España - Tenerife,Abierto
134,T-SER 26/122017,Gerencia de Transportes Interurbanos de Tenerife S.A.U.,Resuelta,Selección de la empresa/empresario para la impartición de cursos de formación para el personal de TITSA (3 lotes),"83,00 Euros","120.000,00 Euros",Servicios,80000000-Servicios de enseñanza y formación.,España - Tenerife,Abierto
135,T-SER 25/122017,Gerencia de Transportes Interurbanos de Tenerife S.A.U.,Resuelta,"Servicios de diseño de las campañas, promociones y otros elementos de comunicación de TITSA","50.000,00 Euros","75.000,00 Euros",Servicios,79930000-Servicios especializados de diseño.,España - Tenerife,Abierto
136,T-SU 17/122017,Gerencia de Transportes Interurbanos de Tenerife S.A.U.,Resuelta,"Suministro (adquisición), instalación y mantenimiento integral (preventivo y correctivo) de dos (2) máquinas de cambio (efectivo/billete) para las instalaciones de TITSA.","37.800,00 Euros","50.600,00 Euros",Suministros,"31000000-Máquinas, aparatos, equipo y productos consumibles eléctricos; iluminación., 50800000-Servicios varios de reparación y mantenimiento.",España - Tenerife,Abierto
137,T-SER 24/102017,Gerencia de Transportes Interurbanos de Tenerife S.A.U.,Resuelta,"Servicio completo (“llave en mano”) para la instalación, puesta en funcionamiento y mantenimiento integral de un Sistema de acceso público a Internet, a través de conexiones WiFi en estaciones de transporte gestionadas por TITSA en la isla de Tenerife","21.000,00 Euros","75.600,00 Euros",Servicios,72400000-Servicios de Internet.,España - Tenerife,Abierto
138,T-SU 15/102017,Gerencia de Transportes Interurbanos de Tenerife S.A.U.,Resuelta,"Suministro (adquisición), instalación y mantenimiento preventivo de DOS (2) máquinas de cambio (efectivo/billete) para las instalaciones de TITSA","33.680,00 Euros","59.780,00 Euros",Suministros,"31000000-Máquinas, aparatos, equipo y productos consumibles eléctricos; iluminación., 50800000-Servicios varios de reparación y mantenimiento.",España - Tenerife,Abierto
139,T-SER 23/102017,Gerencia de Transportes Interurbanos de Tenerife S.A.U.,Resuelta,Servicios de consultoría y asesoramiento para la reestructuración de la “red del Norte” de transporte público regular de viajeros por carretera que presta TITSA en la isla de Tenerife,"48.000,00 Euros","48.000,00 Euros",Servicios,"71311200-Servicios de consultoría en sistemas de transporte., 79311000-Servicios de estudios., 79400000-Servicios de consultoría comercial y de gestión y servicios afines., 79420000-Servicios relacionados con la gestión.",España - Tenerife,Abierto
140,T-SER 22/102107,Gerencia de Transportes Interurbanos de Tenerife S.A.U.,Resuelta,Servicio de recogida y transporte de los residuos peligrosos generados por la actividad de TITSA hasta los centros autorizados para su posterior eliminación (2 lotes),"96.753,00 Euros","212.856,60 Euros",Servicios,"90520000-Servicios de residuos radiactivos, tóxicos, médicos y peligrosos.",España - Tenerife,Abierto
141,T-SER 19/102017,Gerencia de Transportes Interurbanos de Tenerife S.A.U.,Resuelta,Servicio de medidas correctoras necesarias para la “Certificación Atex” de los centros de TITSA,"35.000,00 Euros","38.500,00 Euros",Servicios,"50800000-Servicios varios de reparación y mantenimiento., 45300000-Trabajos de instalación en edificios.",España - Tenerife,Abierto
142,T-OB 1/102017,Gerencia de Transportes Interurbanos de Tenerife S.A.U.,Resuelta,Contratación de los trabajos necesarios para la nueva implantación de la señalización vertical y horizontal de los centros de trabajo de TITSA,"44.000,00 Euros","48.400,00 Euros",Obras,"45233270-Trabajos de pintura de superficies de aparcamiento., 45316200-Instalación de equipo de señalización.",España - Tenerife,Abierto
143,T-SU 13/102017,Gerencia de Transportes Interurbanos de Tenerife S.A.U.,Resuelta,"Adquisición, instalación y mantenimiento de maquinaria y equipos de inspección técnica para la flota de autobuses de TITSA","56.100,00 Euros","72.500,00 Euros",Suministros,"42991000-Maquinaria para la producción de papel, la impresión y la encuadernación, y sus partes., 50800000-Servicios varios de reparación y mantenimiento.",España - Tenerife,Abierto
144,T-SU 12/102017,Gerencia de Transportes Interurbanos de Tenerife S.A.U.,Resuelta,"Adquisición, suministro y montaje de ciento cuatro (104) sillas ergonómicas de oficina para los centros de TITSA","49.920,00 Euros","54.720,00 Euros",Suministros,39111000-Asientos.,España - Tenerife,Abierto
145,T-SU 11/092017,Gerencia de Transportes Interurbanos de Tenerife S.A.U.,Resuelta,"Arrendamiento, montaje y mantenimiento integral de siete (7) máquinas de limpieza de piezas para flota de TITSA","78.120,00 Euros","100.440,00 Euros",Suministros,42995000-Máquinas de limpieza diversas.,España - Tenerife,Abierto
146,T-SER 18/082017,Gerencia de Transportes Interurbanos de Tenerife S.A.U.,Resuelta,Servicio de soporte funcional y técnico de la aplicación informática del sistema de gestión de información (personal y nóminas) META4 peoplenet AAPP,"98.000,00 Euros","224.000,00 Euros",Servicios,"72000000-Servicios TI: consultoría, desarrollo de software, Internet y apoyo., 72260000-Servicios relacionados con el «software»., 72267000-Servicios de mantenimiento y reparación de software.",España - Tenerife,Abierto
147,T-SU 10/082017,Gerencia de Transportes Interurbanos de Tenerife S.A.U.,Resuelta,Suministro de folletos informativos para los usuarios del servicio de transporte prestado por TITSA en la isla de Tenerife,"77.000,00 Euros","160.225,00 Euros",Suministros,22150000-Folletos.,España - Tenerife,Abierto
148,T-SU 9/072017,Gerencia de Transportes Interurbanos de Tenerife S.A.U.,Resuelta,Suministro de la uniformidad correspondiente al ejercicio 2017 para el personal de taller y mantenimiento de TITSA.,"23.709,00 Euros","28.450,80 Euros",Suministros,"18100000-Ropa de trabajo, ropa de trabajo especial y accesorios., 18110000-Indumentaria de trabajo., 18143000-Indumentaria de protección.",España - Tenerife,Abierto
149,T-SER 11/052017,Gerencia de Transportes Interurbanos de Tenerife S.A.U.,Resuelta,Servicio médico de control y seguimiento de bajas médicas,"40.000,00 Euros","80.000,00 Euros",Servicios,"85100000-Servicios de salud., 85141000-Servicios prestados por personal médico., 85147000-Servicios de sanidad de las empresas.",España - Tenerife,Abierto
150,T-SER 10/052017,Gerencia de Transportes Interurbanos de Tenerife S.A.U.,Resuelta,Contratación de la póliza de seguros de responsabilidad civil de Administradores y Directivos de TITSA,"7.500,00 Euros","23.625,00 Euros",Servicios,66510000-Servicios de seguros.,España - Tenerife,Abierto
151,T-SER 8/042017,Gerencia de Transportes Interurbanos de Tenerife S.A.U.,Resuelta,Servicio de mantenimiento integral de los equipos multifunción (impresoras) de los que TITSA dispone en sus distintas instalaciones/centros de trabajo en la isla de Tenerife.,"43.500,00 Euros","66.700,00 Euros",Servicios,50313200-Servicios de mantenimiento de fotocopiadoras.,España - Tenerife,Abierto
152,T-SER 9/042017,Gerencia de Transportes Interurbanos de Tenerife S.A.U.,Resuelta,Servicios de asesoramiento y consultoría para la implantación del modelo de contabilidad analítica en TITSA,"60.000,00 Euros","60.000,00 Euros",Servicios,"72212440-Servicios de desarrollo de software de análisis financiero y contabilidad., 72200000-Servicios de programación de «software» y de consultoría., 72212443-Servicios de desarrollo de software de contabilidad.",España - Tenerife,Abierto
153,T-SU 7/032017,Gerencia de Transportes Interurbanos de Tenerife S.A.U.,Resuelta,Adquisición y montaje de un monocepillo para el lavado de la flota de autobuses de TITSA,"34.000,00 Euros","34.000,00 Euros",Suministros,"42995000-Máquinas de limpieza diversas., 42000000-Maquinaria industrial.",España - Tenerife,Abierto
154,T-SER 06/032017,Gerencia de Transportes Interurbanos de Tenerife S.A.U.,Resuelta,Contratación de cursos de formación para el personal de TITSA (3 lotes),"120.000,00 Euros","120.000,00 Euros",Servicios,"80000000-Servicios de enseñanza y formación., 80500000-Servicios de formación., 80511000-Servicios de formación del personal., 80580000-Provisión de cursos de idiomas.",España - Tenerife,Abierto
155,T-SER 05/032017,Gerencia de Transportes Interurbanos de Tenerife S.A.U.,Resuelta,Servicio de transporte de fondos de TITSA,"92.788,64 Euros","199.495,58 Euros",Servicios,79710000-Servicios de seguridad.,España - Tenerife,Abierto
156,T-SER 04/032017,Gerencia de Transportes Interurbanos de Tenerife S.A.U.,Resuelta,Servicios de mantenimiento y reparación de las columnas elevadoras de los talleres de TITSA,"65.400,00 Euros","97.010,00 Euros",Servicios,50110000-Servicios de reparación y mantenimiento de vehículos de motor y equipo asociado.,España - Tenerife,Abierto
157,T-SU 05/032017,Gerencia de Transportes Interurbanos de Tenerife S.A.U.,Resuelta,Suministro de útiles para la reparación de cajas de cambio ZF Ecolife para TITSA,"22.000,00 Euros","22.000,00 Euros",Suministros,"34320000-Piezas de recambio mecánicas, excepto motores y partes de motores.",España - Tenerife,Abierto
158,T-SER 3/032017,Gerencia de Transportes Interurbanos de Tenerife S.A.U.,Resuelta,"Servicio de mantenimiento integral de las instalaciones y equipos de climatización, extracción de aire y producción de agua caliente sanitaria localizadas en las dependencias de TITSA","76.500,00 Euros","124.300,00 Euros",Servicios,"50730000-Servicios de reparación y mantenimiento de grupos refrigeradores., 42510000-Intercambiadores de calor, equipos de aire acondicionado y refrigeración y aparatos para filtrar., 42512300-Unidades de climatización.",España - Tenerife,Abierto
159,T-SU 03/022017,Gerencia de Transportes Interurbanos de Tenerife S.A.U.,Resuelta,Suministro de los asientos de conductor para su renovación en la flota de autobuses de TITSA,"124.456,00 Euros","385.218,00 Euros",Suministros,34370000-Asientos para vehículos de motor.,España - Tenerife,Abierto
160,T-SU 7/112016,Gerencia de Transportes Interurbanos de Tenerife S.A.U.,Resuelta,Suministro de dos motores para su instalación en autobuses de TITSA.,"61.000,00 Euros","61.000,00 Euros",Suministros,34310000-Motores y piezas de motores (vehículos).,España - Tenerife,Abierto
161,T-SER 20/112016,Gerencia de Transportes Interurbanos de Tenerife S.A.U.,Resuelta,Trabajos de acondicionado de carrocerías (interior y exterior) de autobuses de TITSA,"155.000,00 Euros","170.500,00 Euros",Servicios,50113000-Servicios de reparación y mantenimiento de autobuses.,España - Tenerife,Abierto
162,T-SER 18/112016,Gerencia de Transportes Interurbanos de Tenerife S.A.U.,Resuelta,"Servicio de atención a incidencias TIC nivel 1, nivel 2 y soporte a usuarios in-situ","138.000,00 Euros","303.600,00 Euros",Servicios,72610000-Servicios de apoyo informático.,España - Tenerife,Abierto
163,T-EXP 1/102016,Gerencia de Transportes Interurbanos de Tenerife S.A.U.,Resuelta,Arrendamiento para la explotación de la Cafetería de la estación de guaguas del municipio de Güimar,"14.400,00 Euros","24.000,00 Euros",Patrimonial,"55000000-Servicios comerciales al por menor de hostelería y restauración., 55300000-Servicios de restaurante y de suministro de comidas., 55330000-Servicios de cafetería.",España - Tenerife,Abierto
164,T-SER 16/082016,Gerencia de Transportes Interurbanos de Tenerife S.A.U.,Resuelta,Servicios de asistencia técnica y consultoría para la redacción y actualización de los planes de autoprotección y emergencia de las infraestructuras,"35.000,00 Euros","35.000,00 Euros",Servicios,71317000-Servicios de consultoría en protección y control de riesgos.,España - Tenerife,Abierto
165,T-SER 12/072016,Gerencia de Transportes Interurbanos de Tenerife S.A.U.,Parcialmente Resuelta,"Servicio de acompañantes del transporte escolar para el curso académico 2016-2017, en un total de 29 rutas en la isla de Tenerife","90.775,78 Euros","285.943,70 Euros",Servicios,80410000-Servicios escolares diversos.,España - Tenerife,Abierto
166,T-SER 7/062016,Gerencia de Transportes Interurbanos de Tenerife S.A.U.,Resuelta,"Servicios de mediación y asesoramiento previos a la formalización de contratos de seguros privados por parte de un corredor de seguros o correduría de seguros y posterior asistencia al tomador, asegurado y/o beneficiario del seguro.","80.000,00 Euros","300.000,00 Euros",Servicios,66518100-Servicios de corretaje de seguros.,España - Tenerife,Abierto
167,T-SER 6/062016,Gerencia de Transportes Interurbanos de Tenerife S.A.U.,Resuelta,"Servicio completo (hardware, software, instalación, configuración, formación, soporte y mantenimiento integral de todo el sistema y las comunicaciones), para la utilización por parte de TITSA de un Sistema de Gestión Integral de Control de Horarios y Análisis de la Información.","105.000,00 Euros","161.000,00 Euros",Servicios,51213000-Servicios de instalación de equipos de control horario (fechadores y contadores).,España - Tenerife,Abierto
168,T-SU 2/042016,Gerencia de Transportes Interurbanos de Tenerife S.A.U.,Resuelta,Suministro de la uniformidad correspondiente al ejercicio 2016 para el personal de taller y mantenimiento de TITSA.,"22.000,00 Euros","46.200,00 Euros",Suministros,"18100000-Ropa de trabajo, ropa de trabajo especial y accesorios., 18110000-Indumentaria de trabajo., 18143000-Indumentaria de protección.",España - Tenerife,Abierto
169,T-SER 3/032016,Gerencia de Transportes Interurbanos de Tenerife S.A.U.,Resuelta,Servicios de mantenimiento de las instalaciones eléctricas de baja y media tensión (centros de transformación y fotovoltaica) y de protección contra incendios de las infraestructuras de TITSA (2 lotes),"66.000,00 Euros","162.200,00 Euros",Servicios,"50532000-Servicios de reparación y mantenimiento de maquinaria eléctrica, aparatos y equipo asociado., 50413000-Servicios de reparación y mantenimiento de aparatos de verificación., 50413200-Servicios de reparación y mantenimiento de instalaciones contra incendios., 50532200-Servicio de reparación y mantenimiento de transformadores.",España - Tenerife,Abierto
170,T-SER 2/022016,Gerencia de Transportes Interurbanos de Tenerife S.A.U.,Resuelta,Contratación de cursos de formación para el personal de TITSA (5 lotes),"116.000,00 Euros","116.000,00 Euros",Servicios,"80000000-Servicios de enseñanza y formación., 80500000-Servicios de formación., 80511000-Servicios de formación del personal., 80580000-Provisión de cursos de idiomas.",España - Tenerife,Abierto
171,T-SER 1/022016,Gerencia de Transportes Interurbanos de Tenerife S.A.U.,Resuelta,Servicios profesionales para el control y contabilización del proceso de venta y canje de bonos y títulos de transporte que se realiza en los puntos de venta de TITSA,"21.542,40 Euros","44.161,92 Euros",Servicios,"79400000-Servicios de consultoría comercial y de gestión y servicios afines., 79410000-Servicios de consultoría comercial y en gestión., 79412000-Servicios de consultoría en gestión financiera.",España - Tenerife,Abierto
